﻿{
  "$schema": "http://schema.management.azure.com/schemas/2015-01-01/deploymentTemplate.json",
  "contentVersion": "1.0.0.0",
  "parameters": {
    "vnet": {
      "type": "object"
    },
    "subnetNames": {
      "type": "array"
    },
    "subnetPrefixes": {
      "type": "array"
    },
    "adsPrivateIps": {
      "type": "object"
    }
  },
  "variables": {},
  "resources": [
    {
      "comments": "03.16.00.updateVnetWithDNS",
      "name": "[parameters('vnet').name]",
      "type": "Microsoft.Network/virtualNetworks",
      "apiVersion": "2017-10-01",
      "location": "[parameters('vnet').location]",
      "properties": {
        "addressSpace": {
          "addressPrefixes": [
            "[parameters('vnet').addressPrefix]"
          ]
        },
        "copy": [
          {
            "name": "subnets",
            "count": 2,
            "input": {
              "name": "[parameters('subnetNames')[copyIndex('subnets')]]",
              "properties": {
                "addressPrefix": "[parameters('subnetPrefixes')[copyIndex('subnets')]]"
              }
            }
          }
        ],
        "dhcpOptions": {
          "dnsServers": [
            "[parameters('adsPrivateIps').ads01PrivIp]"
          ]
        }
      }
    }
  ],
  "outputs": {}
}
