﻿{
  "$schema": "https://schema.management.azure.com/schemas/2015-01-01/deploymentTemplate.json#",
  "contentVersion": "1.0.0.0",
  "parameters": {
    "location": {
      "type": "string"
    },
    "devPublicIPAddressType": {
      "type": "string"
    },
    "domainNameLabel": {
      "type": "string"
    },
    "fqdnLocation": {
      "type": "string"
    }
  },
  "resources": [
    {
      "comments": "04.36.00.createPublicIP",
      "name": "[parameters('domainNameLabel')]",
      "type": "Microsoft.Network/publicIPAddresses",
      "apiVersion": "2017-10-01",
      "location": "[parameters('location')]",
      "properties": {
        "publicIPAllocationMethod": "[parameters('devPublicIPAddressType')]",
        "dnsSettings": {
          "domainNameLabel": "[parameters('domainNameLabel')]",
          "fqdn": "[parameters('fqdnLocation')]"
        }
      }
    }
  ],
  "outputs": {
    "devPublicIpResourceId": {
      "type": "string",
      "value": "[resourceId('Microsoft.Network/publicIPAddresses',parameters('domainNameLabel'))]"
    },
    "fqdn": {
      "value": "[reference(resourceId('Microsoft.Network/publicIPAddresses',parameters('domainNameLabel')),'2017-10-01').dnsSettings.fqdn]",
      "type": "string"
    }
  }
}
