﻿{
  "$schema": "https://schema.management.azure.com/schemas/2015-01-01/deploymentTemplate.json#",
  "contentVersion": "1.0.0.0",
  "parameters": {
    "location": {
      "type": "string"
    },
    "avSet": {
      "type": "array",
      "metadata": {
        "description": "Collection of availability sets names."
      }
    }
  },
  "resources": [
    {
      "type": "Microsoft.Compute/availabilitySets",
      "name": "[concat(parameters('avSet')[copyIndex()])]",
      "apiVersion": "2017-03-30",
      "location": "[parameters('location')]",
      "copy": {
        "name": "avSetCopy",
        "count": "[length(parameters('avSet'))]"
      },
      "properties": {
        "platformUpdateDomainCount": 5,
        "platformFaultDomainCount": 2
      },
      "sku": {
        "name": "aligned"
      }
    }
  ],
  "outputs": {
    "adsAvSetID": {
      "type": "string",
      "value": "[resourceId('Microsoft.Compute/availabilitySets',parameters('avSet')[0])]"
    },
    "webAvSetID": {
      "type": "string",
      "value": "[resourceId('Microsoft.Compute/availabilitySets',parameters('avSet')[1])]"
    },
    "sqlAvSetID": {
      "type": "string",
      "value": "[resourceId('Microsoft.Compute/availabilitySets',parameters('avSet')[2])]"
    },
    "devAvSetID": {
      "type": "string",
      "value": "[resourceId('Microsoft.Compute/availabilitySets',parameters('avSet')[3])]"
    },
    "lnxAvSetID": {
      "type": "string",
      "value": "[resourceId('Microsoft.Compute/availabilitySets',parameters('avSet')[4])]"
    }
  }
}
