﻿{
  "$schema": "http://schema.management.azure.com/schemas/2015-01-01/deploymentTemplate.json",
  "contentVersion": "1.0.0.0",
  "parameters": {
    "location": {
      "type": "string",
      "metadata": {
        "description": "Selected region where resources will be deployed."
      }
    },
    "vnet1AddressPrefix": {
      "type": "string",
      "metadata": {
        "description": "VNET address space."
      }
    },
    "nsgCollection": {
      "type": "array",
      "metadata": {
        "description": "Collection of NSG names to create."
      }
    }
  },
  "variables": {
    "nsgRule": {
      "name": "AllowRdpInbound",
      "properties": {
        "access": "Allow",
        "description": "Allow inbound RDP from internet",
        "destinationAddressPrefix": "VirtualNetwork",
        "destinationPortRange": "3389",
        "direction": "Inbound",
        "priority": 100,
        "protocol": "Tcp",
        "sourceAddressPrefix": "Internet",
        "sourcePortRange": "*"
      }
    }
  },
  "resources": [
    {
      "comments": "06.06.00.createNSG",
      "name": "[concat(parameters('nsgCollection')[copyIndex()])]",
      "type": "Microsoft.Network/networkSecurityGroups",
      "apiVersion": "2017-10-01",
      "location": "[parameters('location')]",
      "copy": {
        "name": "nsgCopy",
        "count": "[length(parameters('nsgCollection'))]"
      },
      "properties": {
        "securityRules": [
          {
            "name": "[variables('nsgRule').name]",
            "properties": {
              "access": "[variables('nsgRule').properties.access]",
              "description": "[variables('nsgRule').properties.description]",
              "destinationAddressPrefix": "[variables('nsgRule').properties.destinationAddressPrefix]",
              "destinationPortRange": "[variables('nsgRule').properties.destinationPortRange]",
              "direction": "[variables('nsgRule').properties.direction]",
              "priority": "[variables('nsgRule').properties.priority]",
              "protocol": "[variables('nsgRule').properties.protocol]",
              "sourceAddressPrefix": "[variables('nsgRule').properties.sourceAddressPrefix]",
              "sourcePortRange": "[variables('nsgRule').properties.sourcePortRange]"
            }
          }
        ]
      }
    }
  ],
  "outputs": {
    "nsgResourceId1": {
      "type": "string",
      "value": "[resourceId('Microsoft.Network/networkSecurityGroups',parameters('nsgCollection')[0])]"
    },
    "nsgResourceId2": {
      "type": "string",
      "value": "[resourceId('Microsoft.Network/networkSecurityGroups',parameters('nsgCollection')[1])]"
    }
  }
}