﻿{
  "$schema": "https://schema.management.azure.com/schemas/2015-01-01/deploymentTemplate.json#",
  "contentVersion": "1.0.0.0",
  "parameters": {
    "autoAcctName": {
      "type": "string"
    },
    "location": {
      "type": "string"
    }
  },
  "variables": {
    "autoAcctSku": "Free",
    "autoAcctLocation": "eastus2"
  },
  "resources": [
    {
      "comments": "09.12.00.createAutoAcct",
      "name": "[parameters('autoAcctName')]",
      "type": "Microsoft.Automation/automationAccounts",
      "apiVersion": "2015-10-31",
      "properties": {
        "sku": {
          "name": "[variables('autoAcctSku')]"
        }
      },
      "location": "[variables('autoAcctLocation')]",
      "tags": {}
    }
  ],
  "outputs": {
    "autoAcctId": {
      "type": "string",
      "value": "[resourceId('Microsoft.Network/automationAccounts',parameters('autoAcctName'))]"
    }
  }
}
