﻿{
  "$schema": "http://schema.management.azure.com/schemas/2015-01-01/deploymentTemplate.json",
  "contentVersion": "1.0.0.0",
  "parameters": {
    "omsWorkspaceName": {
      "type": "string"
    },
    "omsLocation": {
      "type": "string"
    }
  },
  "variables": {
  },
  "resources": [
    {
      "comments": "10.13.00.createOmsWorkspace",
      "type": "Microsoft.OperationalInsights/workspaces",
      "name": "[parameters('omsWorkspaceName')]",
      "apiVersion": "2015-11-01-preview",
      "location": "[parameters('omsLocation')]",
      "tags": {},
      "properties": {
        "source": "Azure",
        "sku": {
          "name": "Free"
        }
      },
      "resources": []
    }
  ],
  "outputs": {}
}