﻿{
  "$schema": "https://schema.management.azure.com/schemas/2015-01-01/deploymentTemplate.json#",
  "contentVersion": "1.0.0.0",
  "parameters": {
    "nicCollection": {
      "type": "object",
      "metadata": {
        "description": "Collection of network interface names."
      }
    },
    "location": {
      "type": "string",
      "metadata": {
        "description": "Azure region."
      }
    },
    "subnetAddsRef": {
      "type": "string",
      "metadata": {
        "description": "ADDS subnet resource id."
      }
    },
    "subnetSrvsRef": {
      "type": "string",
      "metadata": {
        "description": "SRVS subnet resource id."
      }
    },
    "dev01pipId": {
      "type": "string",
      "metadata": {
        "description": "Public IP for development/jump/DSC server '...dev01'"
      }
    },
    "adsPrivateIps": {
      "type": "object",
      "metadata": {
        "description": "Private IP prefix for DCs (ads01,2)"
      }
    }
  },
  "variables": {
    "ads01PrivateIp": "[parameters('adsPrivateIps').ads01privIp]",
    "ads02PrivateIp": "[parameters('adsPrivateIps').ads02privIp]"
  },
  "resources": [
    {
      "comments": "11.14.01.createNetworkInterfaces.ads01[15]",
      "name": "[parameters('nicCollection').ads01nic.name]",
      "type": "Microsoft.Network/networkInterfaces",
      "location": "[parameters('location')]",
      "apiVersion": "2017-10-01",
      "properties": {
        "ipConfigurations": [
          {
            "name": "ipconfig1",
            "properties": {
              "privateIPAddress": "[variables('ads01PrivateIp')]",
              "privateIPAllocationMethod": "Static",
              "subnet": {
                "id": "[parameters('subnetAddsRef')]"
              }
            }
          }
        ],
        "dnsSettings": {
          "dnsServers": []
        },
        "enableIPForwarding": false
      }
    },
    {
      "comments": "11.14.01.createNetworkInterfaces.dev01[17]",
      "name": "[parameters('nicCollection').dev01nic.name]",
      "type": "Microsoft.Network/networkInterfaces",
      "location": "[parameters('location')]",
      "apiVersion": "2017-10-01",
      "properties": {
        "ipConfigurations": [
          {
            "name": "ipconfig1",
            "properties": {
              "publicIPAddress": {
                "id": "[parameters('dev01pipId')]"
              },
              "privateIPAllocationMethod": "Dynamic",
              "subnet": {
                "id": "[parameters('subnetSrvsRef')]"
              }
            }
          }
        ],
        "dnsSettings": {
          "dnsServers": []
        },
        "enableIPForwarding": false
      }
    },
    {
      "comments": "11.14.01.createNetworkInterfaces.web01[21]",
      "name": "[parameters('nicCollection').web01nic.name]",
      "type": "Microsoft.Network/networkInterfaces",
      "location": "[parameters('location')]",
      "apiVersion": "2017-10-01",
      "properties": {
        "ipConfigurations": [
          {
            "name": "ipconfig1",
            "properties": {
              "privateIPAllocationMethod": "Dynamic",
              "subnet": {
                "id": "[parameters('subnetSrvsRef')]"
              }
            }
          }
        ],
        "dnsSettings": {
          "dnsServers": []
        },
        "enableIPForwarding": false
      }
    },
    {
      "comments": "11.14.01.createNetworkInterfaces.sql01[23]",
      "name": "[parameters('nicCollection').sql01nic.name]",
      "type": "Microsoft.Network/networkInterfaces",
      "location": "[parameters('location')]",
      "apiVersion": "2017-10-01",
      "properties": {
        "ipConfigurations": [
          {
            "name": "ipconfig1",
            "properties": {
              "privateIPAllocationMethod": "Dynamic",
              "subnet": {
                "id": "[parameters('subnetSrvsRef')]"
              }
            }
          }
        ],
        "dnsSettings": {
          "dnsServers": []
        },
        "enableIPForwarding": false
      }
    },
    {
      "comments": "11.14.01.createNetworkInterfaces.web02[24]",
      "name": "[parameters('nicCollection').web02nic.name]",
      "type": "Microsoft.Network/networkInterfaces",
      "location": "[parameters('location')]",
      "apiVersion": "2017-10-01",
      "properties": {
        "ipConfigurations": [
          {
            "name": "ipconfig1",
            "properties": {
              "privateIPAllocationMethod": "Dynamic",
              "subnet": {
                "id": "[parameters('subnetSrvsRef')]"
              }
            }
          }
        ],
        "dnsSettings": {
          "dnsServers": []
        },
        "enableIPForwarding": false
      }
    },
    {
      "comments": "11.14.01.createNetworkInterfaces.ads02[25]",
      "name": "[parameters('nicCollection').ads02nic.name]",
      "type": "Microsoft.Network/networkInterfaces",
      "location": "[parameters('location')]",
      "apiVersion": "2017-10-01",
      "properties": {
        "ipConfigurations": [
          {
            "name": "ipconfig1",
            "properties": {
              "privateIPAddress": "[variables('ads02PrivateIp')]",
              "privateIPAllocationMethod": "Static",
              "subnet": {
                "id": "[parameters('subnetAddsRef')]"
              }
            }
          }
        ],
        "dnsSettings": {
          "dnsServers": []
        },
        "enableIPForwarding": false
      }
    },
    {
      "comments": "11.14.01.createNetworkInterfaces.sql02[26]",
      "name": "[parameters('nicCollection').sql02nic.name]",
      "type": "Microsoft.Network/networkInterfaces",
      "location": "[parameters('location')]",
      "apiVersion": "2017-10-01",
      "properties": {
        "ipConfigurations": [
          {
            "name": "ipconfig1",
            "properties": {
              "privateIPAllocationMethod": "Dynamic",
              "subnet": {
                "id": "[parameters('subnetSrvsRef')]"
              }
            }
          }
        ],
        "dnsSettings": {
          "dnsServers": []
        },
        "enableIPForwarding": false
      }
    },
    {
      "comments": "11.14.01.createNetworkInterfaces.lnx01[18.26.01]",
      "name": "[parameters('nicCollection').lnx01nic.name]",
      "type": "Microsoft.Network/networkInterfaces",
      "location": "[parameters('location')]",
      "apiVersion": "2017-10-01",
      "properties": {
        "ipConfigurations": [
          {
            "name": "ipconfig1",
            "properties": {
              "privateIPAllocationMethod": "Dynamic",
              "subnet": {
                "id": "[parameters('subnetSrvsRef')]"
              }
            }
          }
        ],
        "dnsSettings": {
          "dnsServers": []
        },
        "enableIPForwarding": false
      }
    }
  ],
  "outputs": {
    "ads01NicId": {
      "value": "[resourceId('Microsoft.Network/networkInterfaces',parameters('nicCollection').ads01nic.name)]",
      "type": "string"
    },
    "dev01NicId": {
      "value": "[resourceId('Microsoft.Network/networkInterfaces',parameters('nicCollection').dev01nic.name)]",
      "type": "string"
    },
    "webNicIds": {
      "value": [
        "[resourceId('Microsoft.Network/networkInterfaces',parameters('nicCollection').web01nic.name)]",
        "[resourceId('Microsoft.Network/networkInterfaces',parameters('nicCollection').web02nic.name)]"
      ],
      "type": "array"
    },
    "sqlNicIds": {
      "value": [
        "[resourceId('Microsoft.Network/networkInterfaces',parameters('nicCollection').sql01nic.name)]",
        "[resourceId('Microsoft.Network/networkInterfaces',parameters('nicCollection').sql02nic.name)]"
      ],
      "type": "array"
    },
    "adsNicIds": {
      "value": [
        "[resourceId('Microsoft.Network/networkInterfaces',parameters('nicCollection').ads01nic.name)]",
        "[resourceId('Microsoft.Network/networkInterfaces',parameters('nicCollection').ads02nic.name)]"
      ],
      "type": "array"
    },
    "lnx01NicId": {
      "value": "[resourceId('Microsoft.Network/networkInterfaces',parameters('nicCollection').lnx01nic.name)]",
      "type": "string"
    }
  }
}
