﻿{
  "$schema": "http://schema.management.azure.com/schemas/2015-01-01/deploymentTemplate.json",
  "contentVersion": "1.0.0.0",
  "parameters": {
    "rsvName": {
      "type": "string",
      "metadata": {
        "description": "Name of recovery services vault."
      }
    },
    "location": {
      "type": "string",
      "metadata": {
        "description": "Azure region of recovery services vault."
      }
    }
  },
  "variables": {
    "rsvSkuName": "RS0",
    "rsvSkuTier": "Standard"
  },
  "resources": [
    {
      "comments": "11.14.00.createRecoveryServicesVault",
      "name": "[parameters('rsvName')]",
      "type": "Microsoft.RecoveryServices/vaults",
      "apiVersion": "2016-06-01",
      "location": "[parameters('location')]",
      "tags": {},
      "properties": {},
      "sku": {
        "name": "[variables('rsvSkuName')]",
        "tier": "[variables('rsvSkuTier')]"
      }
    }
  ]
}